GeneId	Type	Representative	Label
NZ_JAGGJJ010000001.1_110	iadMarR73	No	NA
NZ_JAFCLX010000010.1_84	iadMarR73	No	NA
NZ_JAFCME010000001.1_289	iadMarR73	No	NA
NZ_JAFCMD010000001.1_640	iadMarR73	No	NA
NZ_JAFCLV010000002.1_322	iadMarR73	No	NA
NZ_JAFCLW010000007.1_155	iadMarR73	No	NA
NZ_JAFCLZ010000010.1_94	iadMarR73	No	NA
NZ_JADBCP010000002.1_181	iadMarR73	No	NA
NZ_JAFCMA010000005.1_206	iadMarR73	No	NA
NZ_JAFCMB010000004.1_231	iadMarR73	No	NA
NZ_JAGIQA010000025.1_59	iacLike	No	NA
NZ_PDUX01000002.1_119	iadMarR50	No	NA
NZ_JACCEX010000002.1_119	iadMarR50	No	NA
NZ_FPBC01000005.1_178	iacLike	No	NA
NZ_QRGO01000001.1_177	iadMarR50	No	NA
NC_009485.1_3044	iadMarR50	No	NA
NZ_JABFDP010000007.1_215	iadMarR50	No	NA
NZ_JAFCLK010000029.1_32	iadMarR50	No	NA
NZ_JAGEPA010000001.1_6909	iadMarR50	No	NA
NZ_JABWSX010000001.1_4821	iadMarR50	No	NA
NZ_NWTG01000005.1_342	iadMarR50	No	NA
NZ_LFLZ01000018.1_49	iadMarR50	No	NA
NZ_NSJY01000014.1_435	iadMarR50	No	NA
NZ_VITY01000001.1_815	iadMarR50	No	NA
NZ_JAFCKF010000013.1_31	iadMarR50	No	NA
NZ_WQNE01000015.1_119	iadMarR50	No	NA
NZ_JAFCJV010000003.1_106	iadMarR50	No	NA
NZ_JAFCJU010000001.1_501	iadMarR50	No	NA
NZ_JAFCKS010000002.1_761	iadMarR50	No	NA
NZ_VSSS01000026.1_228	iadMarR50	No	NA
NZ_RDQZ01000006.1_177	iadMarR50	No	NA
NZ_CP030053.1_4421	iadMarR50	No	NA
NZ_JYMS01000045.1_136	iadMarR50	No	NA
NZ_VLJP01000011.1_41	iadMarR73	No	NA
NZ_SCMM01000026.1_17	iadMarR50	No	NA
NZ_LR594675.1_5455	iadMarR50	No	NA
NZ_LR594666.1_2289	iadMarR50	No	NA
NZ_LR594671.1_2295	iadMarR50	No	NA
NZ_JHVQ01000004.1_184	iadMarR50	No	NA
NZ_JACHYC010000004.1_511	iadMarR50	No	NA
NZ_JACHYD010000004.1_173	iadMarR50	No	NA
NZ_FNRO01000002.1_169	iadMarR50	No	NA
NZ_LT607803.1_6639	iadMarR50	No	NA
NZ_JABMJH010000002.1_1283	iadMarR50	No	NA
NZ_JXQQ01000119.1_150	iadMarR50	No	NA
NZ_JAEFCB010000015.1_72	iadMarR50	No	NA
NZ_FOXJ01000001.1_2902	iadMarR50	No	NA
NZ_CP046508.1_1679	iadMarR50	No	NA
NC_014931.1_1664	iadMarR50	No	NA
NZ_AKIW01000027.1_41	iadMarR50	No	NA
NZ_LMDW01000001.1_652	iadMarR50	No	NA
NZ_LMEK01000001.1_471	iadMarR50	No	NA
NZ_RXFR01000002.1_548	iadMarR50	No	NA
NZ_RXFS01000002.1_112	iadMarR50	No	NA
NZ_SCNM01000001.1_400	iadMarR50	No	NA
NZ_FNZJ01000001.1_987	iadMarR50	No	NA
NZ_FOLP01000001.1_987	iadMarR50	No	NA
NZ_FOWL01000002.1_435	iadMarR50	No	NA
NZ_QAYA01000008.1_36	iadMarR50	No	NA
NZ_QKLT01000008.1_36	iadMarR50	No	NA
NZ_QJTM01000002.1_36	iadMarR50	No	NA
NZ_QKUE01000002.1_36	iadMarR50	No	NA
NZ_SLYJ01000003.1_36	iadMarR50	No	NA
NZ_RXFT01000006.1_232	iadMarR50	No	NA
NZ_JACIFZ010000001.1_974	iadMarR50	No	NA
NZ_RXOE01000002.1_1127	iadMarR50	No	NA
NZ_FOBJ01000005.1_107	iadMarR50	No	NA
NZ_JABMJG010000003.1_209	iadMarR50	No	NA
NZ_SLVO01000007.1_156	iadMarR50	No	NA
NZ_SLZJ01000001.1_789	iadMarR50	No	NA
NZ_VIWE01000006.1_106	iadMarR50	No	NA
NZ_JACIBG010000003.1_694	iadMarR50	No	NA
NZ_RXHT01000010.1_87	iadMarR50	No	NA
NZ_KB907453.1_86	iadMarR50	No	NA
NZ_SGWS01000006.1_234	iadMarR50	No	NA
NZ_LVHG01000029.1_124	iadMarR50	No	NA
NZ_CP027773.1_2127	iadMarR50	No	NA
NZ_CP070343.1_2694	iadMarR50	No	NA
NZ_OCMW01000001.1_5069	iadMarR50	No	NA
NZ_FNPM01000001.1_115	iadMarR50	No	NA
NZ_FNOL01000001.1_676	iadMarR50	No	NA
NZ_FOII01000002.1_110	iadMarR50	No	NA
NZ_PEFF01000001.1_1398	iadMarR50	No	NA
NZ_PKMT01000001.1_1260	iadMarR50	No	NA
NZ_CP045644.1_2883	iadMarR50	No	NA
NZ_LUJJ01000021.1_89	iadMarR50	No	NA
NZ_LKDZ01000021.1_113	iadMarR50	No	NA
NZ_CP023284.1_5025	iadMarR50	No	NA
NZ_MRCN01000025.1_29	iadMarR50	No	NA
NZ_VCCD02000002.1_55	iadMarR50	No	NA
NZ_BKDI01000002.1_855	iadMarR50	No	NA
NZ_BKDH01000001.1_529	iadMarR50	No	NA
NZ_LMEV01000001.1_157	iadMarR50	No	NA
NZ_QXMN01000035.1_20	iadMarR50	No	NA
NZ_FMUJ01000001.1_191	iadMarR50	No	NA
NZ_CP063166.1_1819	iadMarR50	No	NA
NZ_FOWG01000009.1_254	iadMarR50	No	NA
NZ_JAFICL010000004.1_291	iadMarR50	No	NA
NZ_RWKH01000022.1_33	iadMarR50	No	NA
NZ_CP046622.1_1534	iadMarR50	No	NA
NZ_JAGGNW010000009.1_319	iadMarR50	No	NA
NZ_LMCQ01000008.1_119	iadMarR50	No	NA
NZ_FNDR01000006.1_152	iadMarR50	No	NA
NC_012791.1_1509	iadMarR50	No	NA
NC_022247.1_1589	iadMarR50	No	NA
NZ_RQXU01000002.1_145	iadMarR50	No	NA
NZ_RXFQ01000001.1_212	iadMarR50	No	NA
Ga0102008_10005_41	iadMarR50	Yes	Variovorax
NZ_VIVL01000002.1_649	iadMarR50	No	NA
NZ_JACVBS010000011.1_44	iadMarR50	No	NA
NZ_JAFICF010000001.1_500	iadMarR50	No	NA
NZ_JAFICG010000001.1_190	iadMarR50	No	NA
NZ_BCUT01000001.1_1058	iadMarR50	No	NA
NZ_CAIGKF010000007.1_43	iadMarR50	No	NA
NZ_RKHT01000007.1_403	iacLike	No	NA
NZ_WJYD01000003.1_193	iacLike	No	NA
NZ_CP060418.1_4520	iacLike	No	NA
NZ_CADCYB010000008.1_56	iacLike	No	NA
NZ_CADCYO010000009.1_191	iacLike	No	NA
NZ_CP010557.1_4542	iacLike	No	NA
NZ_SNYG01000005.1_282	iacLike	No	NA
NZ_CP017802.2_4313	iacLike	No	NA
NZ_CP059047.1_4258	iacLike	No	NA
NZ_JACVBV010000002.1_300	iacLike	No	NA
NZ_JMPP01000018.1_276	iacLike	No	NA
NZ_MTEG01000007.1_166	iacLike	No	NA
NZ_NIGE01000002.1_155	iacLike	No	NA
NZ_PTXT01000005.1_155	iacLike	No	NA
NZ_QWIW01000031.1_66	iacLike	No	NA
NZ_JH603146.1_3994	iacLike	No	NA
NZ_JURX01000068.1_51	iacLike	No	NA
NZ_BCYR01000002.1_271	iacLike	No	NA
NZ_CP008886.1_3917	iacLike	No	NA
NZ_NJBC01000019.1_326	iacLike	No	NA
NZ_NETI01000045.1_178	iacLike	No	NA
NZ_NGAG01000010.1_313	iacLike	No	NA
NZ_NGAH01000011.1_196	iacLike	No	NA
NZ_NGAJ01000008.1_196	iacLike	No	NA
NZ_NGAK01000030.1_196	iacLike	No	NA
NZ_NGAL01000027.1_312	iacLike	No	NA
NZ_NXFG02000005.1_195	iacLike	No	NA
NZ_NKYI01000029.1_316	iacLike	No	NA
NZ_PTXQ01000006.1_301	iacLike	No	NA
NZ_RJTQ01000121.1_50	iacLike	No	NA
NZ_QKOT01000001.1_226	iacLike	No	NA
NZ_CP038281.1_1404	iacLike	No	NA
NZ_VKWB01000004.1_296	iacLike	No	NA
NZ_CP064877.1_4127	iacLike	No	NA
NZ_CABDWC010000006.1_2324	iacLike	No	NA
NZ_SGXQ01000001.1_3107	iadMarR50	No	NA
NZ_JACIBM010000004.1_99	iadMarR50	No	NA
NZ_FOUG01000016.1_77	iadMarR50	No	NA
NC_016582.1_9631	iacLike	No	NA
NC_018581.1_1812	iacLike	No	NA
NZ_SCMM01000026.1_31	iadMarR73	No	NA
NZ_LR594666.1_2268	iadMarR73	No	NA
NZ_LR594671.1_2274	iadMarR73	No	NA
NZ_SGXQ01000001.1_3099	iadMarR73	No	NA
NZ_JACIBM010000004.1_91	iadMarR73	No	NA
NZ_FOUG01000016.1_69	iadMarR73	No	NA
NZ_LUJJ01000021.1_66	iadMarR73	No	NA
NZ_LKDZ01000021.1_136	iadMarR73	No	NA
NZ_CP023284.1_5049	iadMarR73	No	NA
NZ_MRCN01000025.1_53	iadMarR73	No	NA
NZ_VCCD02000002.1_78	iadMarR73	No	NA
NZ_BKDH01000001.1_506	iadMarR73	No	NA
NZ_CP045644.1_2861	iadMarR73	No	NA
NZ_LMEV01000001.1_179	iadMarR73	No	NA
NZ_PEFF01000001.1_1422	iadMarR73	No	NA
NZ_PKMT01000001.1_1237	iadMarR73	No	NA
NZ_BKDI01000002.1_832	iadMarR73	No	NA
NZ_QXMN01000035.1_43	iadMarR73	No	NA
NZ_FMUJ01000001.1_168	iadMarR73	No	NA
NZ_JAGGNW010000009.1_296	iadMarR73	No	NA
NZ_JABMJH010000002.1_1305	iadMarR73	No	NA
NZ_CP046508.1_1658	iadMarR73	No	NA
NC_014931.1_1643	iadMarR73	No	NA
NZ_FOXJ01000001.1_2923	iadMarR73	No	NA
NZ_JXQQ01000119.1_171	iadMarR73	No	NA
NZ_JAEFCB010000015.1_93	iadMarR73	No	NA
NZ_RXFT01000006.1_209	iadMarR73	No	NA
NZ_JACIFZ010000001.1_951	iadMarR73	No	NA
NZ_RXOE01000002.1_1105	iadMarR73	No	NA
NZ_FOBJ01000005.1_85	iadMarR73	No	NA
NZ_KB907453.1_64	iadMarR73	No	NA
NZ_RXHT01000010.1_65	iadMarR73	No	NA
NZ_SLZJ01000001.1_767	iadMarR73	No	NA
NZ_VIWE01000006.1_128	iadMarR73	No	NA
NZ_JACIBG010000003.1_716	iadMarR73	No	NA
NZ_JABMJG010000003.1_187	iadMarR73	No	NA
NZ_SLVO01000007.1_178	iadMarR73	No	NA
NZ_LMCQ01000008.1_140	iadMarR73	No	NA
NZ_FNDR01000006.1_174	iadMarR73	No	NA
NZ_RWKH01000022.1_54	iadMarR73	No	NA
NZ_CP046622.1_1513	iadMarR73	No	NA
NC_012791.1_1486	iadMarR73	No	NA
NZ_BCUT01000001.1_1080	iadMarR73	No	NA
NZ_CAIGKF010000007.1_65	iadMarR73	No	NA
Ga0102008_10005_64	iadMarR73	Yes	Variovorax
NZ_FNOL01000001.1_653	iadMarR73	No	NA
NZ_OCMW01000001.1_5092	iadMarR73	No	NA
NZ_FNPM01000001.1_138	iadMarR73	No	NA
NZ_FOII01000002.1_133	iadMarR73	No	NA
NZ_SGWS01000006.1_211	iadMarR73	No	NA
NZ_RXFR01000002.1_526	iadMarR73	No	NA
NZ_RXFS01000002.1_134	iadMarR73	No	NA
NZ_SCNM01000001.1_422	iadMarR73	No	NA
NZ_LVHG01000029.1_146	iadMarR73	No	NA
NZ_CP027773.1_2149	iadMarR73	No	NA
NZ_CP070343.1_2672	iadMarR73	No	NA
NZ_AKIW01000027.1_62	iadMarR73	No	NA
NZ_LMEK01000001.1_450	iadMarR73	No	NA
NZ_LMDW01000001.1_631	iadMarR73	No	NA
NZ_RQXU01000002.1_168	iadMarR73	No	NA
NZ_RXFQ01000001.1_235	iadMarR73	No	NA
NZ_VIVL01000002.1_627	iadMarR73	No	NA
NZ_JACVBS010000011.1_22	iadMarR73	No	NA
NZ_JAFICF010000001.1_522	iadMarR73	No	NA
NZ_JAFICG010000001.1_168	iadMarR73	No	NA
NC_022247.1_1566	iadMarR73	No	NA
NZ_QAYA01000008.1_58	iadMarR73	No	NA
NZ_QKLT01000008.1_58	iadMarR73	No	NA
NZ_QJTM01000002.1_58	iadMarR73	No	NA
NZ_QKUE01000002.1_58	iadMarR73	No	NA
NZ_SLYJ01000003.1_58	iadMarR73	No	NA
NZ_FNZJ01000001.1_964	iadMarR73	No	NA
NZ_FOLP01000001.1_964	iadMarR73	No	NA
NZ_FOWL01000002.1_412	iadMarR73	No	NA
NZ_JHVQ01000004.1_162	iadMarR73	No	NA
NZ_FNRO01000002.1_147	iadMarR73	No	NA
NZ_JACHYC010000004.1_533	iadMarR73	No	NA
NZ_JACHYD010000004.1_151	iadMarR73	No	NA
NZ_LT607803.1_6661	iadMarR73	No	NA
NZ_CP063166.1_1797	iadMarR73	No	NA
NZ_JAFICL010000004.1_312	iadMarR73	No	NA
NZ_FOWG01000009.1_233	iadMarR73	No	NA
NZ_LR594675.1_5478	iadMarR73	No	NA
NC_003911.12_1469	iadMarR73	Yes	Ruegeria
NZ_CP076685.1_3176	iadMarR73	No	NA
NZ_JAAGOX010000043.1_51	iadMarR73	No	NA
NZ_FMZV01000005.1_305	iadMarR73	No	NA
NZ_MUHR01000012.1_46	iadMarR73	No	NA
NZ_JXYH01000007.1_33	iadMarR73	No	NA
NZ_LCWX01000237.1_220	iadMarR73	No	NA
NZ_LMCG01000050.1_138	iadMarR73	No	NA
NZ_FREX01000001.1_163	iadMarR73	No	NA
NZ_LMCJ01000008.1_270	iadMarR73	No	NA
NZ_LMCH01000015.1_139	iadMarR73	No	NA
NZ_LMCI01000038.1_895	iadMarR73	No	NA
NZ_LMCD01000018.1_148	iadMarR73	No	NA
NZ_LMCF01000079.1_150	iadMarR73	No	NA
NZ_LMCC01000013.1_137	iadMarR73	No	NA
NZ_FOSK01000007.1_36	iadMarR73	No	NA
NZ_LMCE01000061.1_46	iadMarR73	No	NA
NZ_OMPG01000023.1_293	iadMarR73	No	NA
NZ_MIEL01000002.1_158	iadMarR73	No	NA
NZ_CP074126.1_1932	iadMarR73	No	NA
NC_016642.1_2780	iadMarR73	No	NA
NZ_DS996805.1_809	iadMarR73	No	NA
NZ_BAZK01000001.1_172	iadMarR73	No	NA
NZ_FNLB01000006.1_1085	iadMarR73	No	NA
NZ_QRGO01000001.1_178	iadMarR73	No	NA
NZ_WQNE01000015.1_118	iadMarR73	No	NA
NZ_JAFCJV010000003.1_107	iadMarR73	No	NA
NZ_JAFCJU010000001.1_500	iadMarR73	No	NA
NZ_JYMS01000045.1_137	iadMarR73	No	NA
NZ_JAFCKS010000002.1_760	iadMarR73	No	NA
NZ_RDQZ01000006.1_178	iadMarR73	No	NA
NZ_CP030053.1_4422	iadMarR73	No	NA
NZ_VSSS01000026.1_227	iadMarR73	No	NA
NZ_LFLZ01000018.1_48	iadMarR73	No	NA
NZ_JAFCKF010000013.1_30	iadMarR73	No	NA
NZ_VITY01000001.1_816	iadMarR73	No	NA
NZ_NWTG01000005.1_343	iadMarR73	No	NA
NZ_JABWSX010000001.1_4822	iadMarR73	No	NA
NZ_JAGEPA010000001.1_6908	iadMarR73	No	NA
NZ_NSJY01000014.1_434	iadMarR73	No	NA
NC_009485.1_3043	iadMarR73	No	NA
NZ_JABFDP010000007.1_216	iadMarR73	No	NA
NZ_JAFCLK010000029.1_31	iadMarR73	No	NA
NZ_MUHR01000012.1_42	iadMarR50	No	NA
NZ_JXYH01000007.1_31	iadMarR50	No	NA
NC_003911.12_1474	iadMarR50	Yes	Ruegeria
NZ_CP076685.1_3181	iadMarR50	No	NA
NZ_JAAGOX010000043.1_46	iadMarR50	No	NA
NZ_FMZV01000005.1_310	iadMarR50	No	NA
NZ_VLJP01000011.1_44	iadMarR50	No	NA
NZ_FNLB01000006.1_1086	iadMarR50	No	NA
NZ_DS996805.1_808	iadMarR50	No	NA
NC_016642.1_2781	iadMarR50	No	NA
NZ_BAZK01000001.1_171	iadMarR50	No	NA
NZ_MIEL01000002.1_159	iadMarR50	No	NA
NZ_CP074126.1_1933	iadMarR50	No	NA
NZ_LMCE01000061.1_47	iadMarR50	No	NA
NZ_LMCJ01000008.1_269	iadMarR50	No	NA
NZ_LMCH01000015.1_140	iadMarR50	No	NA
NZ_LMCC01000013.1_138	iadMarR50	No	NA
NZ_LMCD01000018.1_149	iadMarR50	No	NA
NZ_LMCG01000050.1_139	iadMarR50	No	NA
NZ_FREX01000001.1_162	iadMarR50	No	NA
NZ_FOSK01000007.1_35	iadMarR50	No	NA
NZ_OMPG01000023.1_292	iadMarR50	No	NA
NZ_LCWX01000237.1_219	iadMarR50	No	NA
NZ_LMCF01000079.1_151	iadMarR50	No	NA
NZ_LMCI01000038.1_896	iadMarR50	No	NA
NC_013209.1_2205	iacLike	No	NA
NC_017100.1_2206	iacLike	No	NA
NC_017121.1_2204	iacLike	No	NA
NC_017125.1_2206	iacLike	No	NA
NC_017146.1_2207	iacLike	No	NA
NC_017111.1_2205	iacLike	No	NA
NC_017150.1_2130	iacLike	No	NA
NC_017108.1_2204	iacLike	No	NA
NZ_AP014881.1_2228	iacLike	No	NA
NC_021991.1_972	iacLike	No	NA
NZ_CP015164.1_1874	iacLike	No	NA
NZ_CP015168.1_1215	iacLike	No	NA
NZ_CP041348.1_2232	iacLike	No	NA
NZ_JACIDZ010000007.1_131	iacLike	No	NA
NZ_CP007237.1_1712	iacLike	No	NA
NZ_LMFK01000011.1_125	iacLike	No	NA
NZ_SROZ01000005.1_313	iacLike	No	NA
NZ_JACVAN010000010.1_56	iacLike	No	NA
NZ_PGTC01000018.1_220	iacLike	No	NA
NZ_FWFN01000004.1_221	iacLike	No	NA
NZ_FOEP01000014.1_18	iacLike	No	NA
NZ_FWFS01000010.1_83	iacLike	No	NA
NZ_JXQV01000006.1_122	iacLike	No	NA
NZ_JACYVF010000006.1_127	iacLike	No	NA
NZ_LGSQ01000007.1_138	iacLike	No	NA
NZ_CP032312.1_2490	iacLike	No	NA
NZ_ML112588.1_2347	iacLike	No	NA
NZ_CM011124.1_2446	iacLike	No	NA
NZ_KB908231.1_61	iacLike	No	NA
NZ_UGSK01000001.1_2235	iacLike	No	NA
NZ_FYAN01000026.1_165	iacLike	No	NA
NZ_MSPP01000002.1_450	iacLike	No	NA
NZ_JAATOT010000009.1_49	iacLike	No	NA
NZ_CP028475.1_2606	iacLike	No	NA
NZ_AMRK01000010.1_33	iacLike	No	NA
NZ_PYIB01000020.1_36	iacLike	No	NA
NZ_FNBL01000019.1_24	iacLike	No	NA
NZ_CP040932.1_3179	iacLike	No	NA
NZ_CYSA01000016.1_123	iacLike	No	NA
NZ_CP051181.1_1904	iacLike	No	NA
NZ_FOFW01000010.1_93	iacLike	No	NA
NZ_SRKY01000006.1_109	iacLike	No	NA
NZ_QBKZ01000014.1_227	iacLike	No	NA
NZ_VATA01000004.1_226	iacLike	No	NA
NZ_QJRY01000006.1_141	iacLike	No	NA
NZ_RAQG01000005.1_187	iacLike	No	NA
NZ_CP021371.1_102	iacLike	No	NA
NZ_CP014276.1_89	iacLike	No	NA
NZ_CP069303.1_2910	iacLike	No	NA
NZ_BJZP01000006.1_105	iacLike	No	NA
NZ_JACVAW010000007.1_71	iacLike	No	NA
NZ_JHEH01000003.1_158	iacLike	No	NA
NZ_FOVB01000003.1_141	iacLike	No	NA
NZ_JACVAW010000007.1_69	iacLike	No	NA
NZ_VJMG01000076.1_43	iacLike	No	NA
NZ_FTMR01000003.1_24	iacLike	No	NA
NZ_OCMG01000003.1_622	iacLike	No	NA
NZ_QZEX01000005.1_218	iacLike	No	NA
NZ_WUMU01000030.1_35	iacLike	No	NA
NZ_JAHIAB010000016.1_36	iacLike	No	NA
NZ_RRYI01000004.1_209	iacLike	No	NA
NZ_LSME01000008.1_110	iacLike	No	NA
NZ_CP050321.1_1925	iacLike	No	NA
NZ_AP021972.1_2071	iacLike	No	NA
NZ_AP022020.1_2043	iacLike	No	NA
NZ_AP022057.1_2603	iacLike	No	NA
NZ_AP022189.1_2013	iacLike	No	NA
NZ_AP022195.1_2013	iacLike	No	NA
NZ_AP022201.1_2014	iacLike	No	NA
NZ_BCTM01000008.1_49	iacLike	No	NA
NZ_JMPL01000025.1_14	iacLike	No	NA
NZ_RHFN01000011.1_132	iacLike	No	NA
NZ_AP022665.1_2636	iacLike	No	NA
NZ_AP022419.1_2786	iacLike	No	NA
NZ_UGNM01000002.1_1000	iacLike	No	NA
NZ_JABBJF010000006.1_186	iacLike	No	NA
NZ_LR134138.1_996	iacLike	No	NA
NZ_CP026167.1_3527	iacLike	No	NA
NZ_PQKB01000001.1_506	iacLike	No	NA
NZ_PQKC01000001.1_739	iacLike	No	NA
NZ_CP046557.1_2568	iacLike	No	NA
NZ_WVWB01000002.1_104	iacLike	No	NA
NZ_WVWD01000002.1_406	iacLike	No	NA
NZ_CP075490.1_2403	iacLike	No	NA
NZ_PQKD01000001.1_438	iacLike	No	NA
NZ_PQKA01000001.1_439	iacLike	No	NA
NZ_PQJY01000004.1_371	iacLike	No	NA
NZ_CP031101.1_1811	iacLike	No	NA
NZ_CP031104.1_812	iacLike	No	NA
NZ_CP046446.1_2630	iacLike	No	NA
NZ_MUFS01000026.1_143	iacLike	No	NA
NZ_CP042505.1_2510	iacLike	No	NA
NZ_CP046251.1_2612	iacLike	No	NA
NZ_CP043397.1_2709	iacLike	No	NA
NZ_BCNP01000034.1_62	iacLike	No	NA
NZ_PDLK01000002.1_2247	iacLike	No	NA
NZ_PQKE01000002.1_57	iacLike	No	NA
NZ_CP026387.1_4002	iacLike	No	NA
NZ_QVNT01000001.1_691	iacLike	No	NA
NZ_CP036199.1_2450	iacLike	No	NA
NZ_VEIL01000001.1_638	iacLike	No	NA
NZ_VEIW01000001.1_723	iacLike	No	NA
NZ_VFSF01000003.1_536	iacLike	No	NA
NZ_VTRJ01000001.1_501	iacLike	No	NA
NZ_CP042930.1_2592	iacLike	No	NA
NZ_CP042493.1_2664	iacLike	No	NA
NZ_CP043398.1_2699	iacLike	No	NA
NZ_CP049980.1_2155	iacLike	No	NA
NZ_CP060824.1_1713	iacLike	No	NA
NZ_JACXBN010000028.1_115	iacLike	No	NA
NZ_UGNU01000001.1_4504	iacLike	No	NA
NZ_CP013990.1_1744	iacLike	No	NA
NZ_JAFEMP010000005.1_261	iacLike	No	NA
NZ_JWJV01000015.1_112	iacLike	No	NA
NZ_VCBB01000002.1_88	iacLike	No	NA
NZ_CP040889.1_4686	iacLike	No	NA
NZ_CP035382.1_4255	iacLike	No	NA
NZ_CP046445.1_2682	iacLike	No	NA
NZ_PVZP01000002.1_453	iacLike	No	NA
NZ_CP049786.1_2630	iacLike	No	NA
NZ_QBJC02000001.1_296	iacLike	No	NA
NZ_QNRL01000004.1_228	iacLike	No	NA
NZ_BNAA01000001.1_177	iacLike	No	NA
NZ_VTZO01000004.1_104	iacLike	No	NA
NZ_CP042942.1_2633	iacLike	No	NA
NZ_CAIZEZ010000007.1_20	iacLike	No	NA
NC_011740.1_731	iacLike	No	NA
NZ_GL870856.1_2530	iacLike	No	NA
NZ_CM001142.1_749	iacLike	No	NA
NZ_JZWP02000012.1_206	iacLike	No	NA
NZ_JZWN02000001.1_950	iacLike	No	NA
NZ_PUBY01000002.1_207	iacLike	No	NA
NZ_PUBX01000011.1_257	iacLike	No	NA
NZ_PTRZ01000015.1_80	iacLike	No	NA
NZ_PTSU01000006.1_183	iacLike	No	NA
NZ_CP040805.1_2873	iacLike	No	NA
NZ_CP042945.1_629	iacLike	No	NA
NZ_CP042946.1_1206	iacLike	No	NA
NZ_WYDM02000002.1_667	iacLike	No	NA
NZ_CP055599.1_4003	iacLike	No	NA
NZ_CP055675.1_1388	iacLike	No	NA
NZ_CP055696.1_4003	iacLike	No	NA
NZ_CP055850.1_1297	iacLike	No	NA
NZ_CP055860.1_1297	iacLike	No	NA
NZ_CP055872.1_1297	iacLike	No	NA
NZ_CP056961.1_1444	iacLike	No	NA
NZ_CP056968.1_1443	iacLike	No	NA
NZ_CP057104.1_1300	iacLike	No	NA
NZ_CP057093.1_1470	iacLike	No	NA
NZ_CP057210.1_1416	iacLike	No	NA
NZ_CP057215.1_1416	iacLike	No	NA
NZ_CP057243.1_1423	iacLike	No	NA
NZ_CP057256.1_3892	iacLike	No	NA
NZ_CP057266.1_4050	iacLike	No	NA
NZ_CP057311.1_4028	iacLike	No	NA
NZ_CP057357.1_4081	iacLike	No	NA
NZ_CP057458.1_1188	iacLike	No	NA
NZ_CP057463.1_4062	iacLike	No	NA
NZ_CP057481.1_1356	iacLike	No	NA
NZ_CP057504.1_1308	iacLike	No	NA
NZ_CP057505.1_1308	iacLike	No	NA
NZ_CP057561.1_1331	iacLike	No	NA
NZ_CP057565.1_1331	iacLike	No	NA
NZ_CP057657.1_4049	iacLike	No	NA
NZ_CP057681.1_4003	iacLike	No	NA
NZ_CP057692.1_3985	iacLike	No	NA
NZ_CP058057.1_1298	iacLike	No	NA
NZ_CP055955.1_1863	iacLike	No	NA
NZ_JABXSW010000002.1_42	iacLike	No	NA
NZ_JABXSZ010000001.1_2099	iacLike	No	NA
NZ_JABXTA010000004.1_388	iacLike	No	NA
NZ_JABXTF010000001.1_2227	iacLike	No	NA
NZ_JABXTE010000001.1_1866	iacLike	No	NA
NZ_JABXUZ010000001.1_3176	iacLike	No	NA
NZ_CP066085.1_2470	iacLike	No	NA
NZ_CP077242.1_216	iacLike	No	NA
NZ_CABMNR010000001.1_731	iacLike	No	NA
NZ_CAIZFG010000001.1_639	iacLike	No	NA
NZ_JZWQ02000001.1_1003	iacLike	No	NA
NZ_RWHR01000003.1_637	iacLike	No	NA
NZ_CP055806.1_1494	iacLike	No	NA
NZ_CP056916.1_1224	iacLike	No	NA
NZ_CP056936.1_1224	iacLike	No	NA
NZ_CP056951.1_1224	iacLike	No	NA
NZ_CP057101.1_1338	iacLike	No	NA
NZ_CP057220.1_1328	iacLike	No	NA
NZ_CP057229.1_4001	iacLike	No	NA
NZ_CP057238.1_4001	iacLike	No	NA
NZ_CP057896.1_1222	iacLike	No	NA
NZ_CP057918.1_1222	iacLike	No	NA
NZ_JABXSH010000005.1_140	iacLike	No	NA
NZ_JABXSL010000006.1_92	iacLike	No	NA
NZ_JABXSI010000005.1_92	iacLike	No	NA
NZ_JABXSK010000006.1_92	iacLike	No	NA
NZ_JABXSJ010000005.1_92	iacLike	No	NA
NZ_JABXVT010000001.1_1574	iacLike	No	NA
NZ_PIQM01000002.1_3264	iacLike	No	NA
NZ_PKFU01000002.1_122	iacLike	No	NA
NZ_PKFT01000008.1_77	iacLike	No	NA
NZ_PKFV01000003.1_122	iacLike	No	NA
NZ_CP028520.1_2688	iacLike	No	NA
NZ_SDDX01000007.1_20	iacLike	No	NA
NZ_VTFR01000002.1_162	iacLike	No	NA
NZ_CP057782.1_2407	iacLike	No	NA
NZ_CABGML010000001.1_458	iacLike	No	NA
NZ_PQVR01000001.1_204	iacLike	No	NA
NZ_SWJW01000001.1_160	iacLike	No	NA
NZ_JAENMQ010000001.1_611	iacLike	No	NA
NZ_CP056779.1_4404	iacLike	No	NA
NZ_SJOO01000001.1_270	iacLike	No	NA
NZ_FCOP01000013.1_87	iacLike	No	NA
NZ_CABKVX010000013.1_87	iacLike	No	NA
NZ_OBEF01000018.1_50	iacLike	No	NA
NC_015968.1_2472	iacLike	No	NA
NZ_VWWW01000001.1_586	iacLike	No	NA
NZ_CP055930.1_5004	iacLike	No	NA
NZ_FYBB01000056.1_461	iacLike	No	NA
NZ_LXES01000046.1_273	iacLike	Yes	Enterobacter
NZ_JAGGDT010000003.1_163	iacLike	No	NA
NZ_CACSJR010000001.1_16	iacLike	No	NA
NZ_CP054058.1_1752	iacLike	No	NA
NZ_SNVX01000003.1_220	iacLike	No	NA
NZ_BJFN01000001.1_1035	iacLike	No	NA
NZ_CP033076.1_4104	iacLike	No	NA
NZ_SNVY01000001.1_1451	iacLike	No	NA
NZ_JQEI01000002.1_154	iacLike	No	NA
NZ_CP040428.1_2054	iacLike	No	NA
NZ_FWGN01000010.1_66	iacLike	No	NA
NZ_FWGW01000012.1_61	iacLike	No	NA
NZ_FWGZ01000009.1_90	iacLike	No	NA
NZ_FWGY01000009.1_113	iacLike	No	NA
NZ_OVEC01000014.1_24	iacLike	No	NA
NZ_UFFL01000003.1_342	iacLike	No	NA
NZ_UFHH01000012.1_117	iacLike	No	NA
NZ_UFPP01000010.1_120	iacLike	No	NA
NZ_JH603146.1_3996	iacLike	No	NA
NZ_JURX01000068.1_53	iacLike	No	NA
NZ_JAHDAY010000011.1_78	iacLike	No	NA
NZ_SLYQ01000005.1_112	iacLike	No	NA
NZ_CP010557.1_4544	iacLike	No	NA
NZ_SNYG01000005.1_284	iacLike	No	NA
NZ_NFXS01000003.1_128	iacLike	No	NA
NZ_CP056146.1_43	iacLike	No	NA
NZ_RKHT01000007.1_401	iacLike	No	NA
NZ_WJYD01000003.1_195	iacLike	No	NA
NZ_CP060418.1_4518	iacLike	No	NA
NZ_CADCYB010000008.1_54	iacLike	No	NA
NZ_CADCYO010000009.1_193	iacLike	No	NA
NZ_JMPP01000018.1_275	iacLike	No	NA
NZ_MTEG01000007.1_167	iacLike	No	NA
NC_021066.1_4628	iacLike	No	NA
NZ_CP013338.1_851	iacLike	No	NA
NZ_BCYR01000002.1_273	iacLike	No	NA
NZ_CP008886.1_3919	iacLike	No	NA
NZ_CP012555.1_4462	iacLike	No	NA
NZ_CP017802.2_4315	iacLike	No	NA
NZ_NJBC01000019.1_328	iacLike	No	NA
NZ_CP021329.1_2138	iacLike	No	NA
NZ_NETI01000045.1_180	iacLike	No	NA
NZ_NGAG01000010.1_315	iacLike	No	NA
NZ_NGAH01000011.1_198	iacLike	No	NA
NZ_NGAJ01000008.1_198	iacLike	No	NA
NZ_NGAK01000030.1_198	iacLike	No	NA
NZ_NGAL01000027.1_314	iacLike	No	NA
NZ_NXFG02000005.1_197	iacLike	No	NA
NZ_CP023888.1_707	iacLike	No	NA
NZ_NKYI01000029.1_318	iacLike	No	NA
NZ_NIGE01000002.1_157	iacLike	No	NA
NZ_AMRY01000007.1_79	iacLike	No	NA
NZ_PTXP01000010.1_79	iacLike	No	NA
NZ_PTXR01000009.1_79	iacLike	No	NA
NZ_PTXS01000003.1_79	iacLike	No	NA
NZ_PTXQ01000006.1_303	iacLike	No	NA
NZ_PTXT01000005.1_157	iacLike	No	NA
NZ_CP030874.1_875	iacLike	No	NA
NZ_QWIX01000009.1_80	iacLike	No	NA
NZ_QWIW01000031.1_68	iacLike	No	NA
NZ_RJTQ01000121.1_52	iacLike	No	NA
NZ_RZVO01000009.1_74	iacLike	No	NA
NZ_QKOT01000001.1_228	iacLike	No	NA
NZ_QFTY01000013.1_39	iacLike	No	NA
NZ_CP038281.1_1406	iacLike	No	NA
NZ_VJYE01000003.1_79	iacLike	No	NA
NZ_VJYG01000004.1_81	iacLike	No	NA
NZ_VJYH01000004.1_79	iacLike	No	NA
NZ_VRLU01000001.1_915	iacLike	No	NA
NZ_WUQH01000005.1_78	iacLike	No	NA
NZ_WUQI01000006.1_77	iacLike	No	NA
NZ_CP048349.1_866	iacLike	No	NA
NZ_VKWB01000004.1_298	iacLike	No	NA
NZ_CP049752.1_921	iacLike	No	NA
NZ_CP059047.1_4256	iacLike	No	NA
NZ_CP046671.1_891	iacLike	No	NA
NZ_CP046672.1_869	iacLike	No	NA
NZ_AP021983.1_916	iacLike	No	NA
NZ_AP022268.1_928	iacLike	No	NA
NZ_JACVBV010000002.1_302	iacLike	No	NA
NZ_CP064877.1_4129	iacLike	No	NA
NZ_CP067066.1_862	iacLike	No	NA
NZ_CP054471.1_1481	iacLike	No	NA
NZ_CP067413.1_877	iacLike	No	NA
NZ_JAFEHH010000016.1_79	iacLike	No	NA
NZ_CP070408.1_4199	iacLike	No	NA
NZ_JAGQDL010000001.1_922	iacLike	No	NA
NZ_JAFHJD010000012.1_79	iacLike	No	NA
NZ_CP076605.1_871	iacLike	No	NA
NZ_FTLF01000003.1_79	iacLike	No	NA
NZ_FXWO01000001.1_904	iacLike	No	NA
NZ_LR134195.1_885	iacLike	No	NA
NZ_CABDWC010000006.1_2326	iacLike	No	NA
NZ_CABDWD010000002.1_870	iacLike	No	NA
NZ_CABGRC010000003.1_79	iacLike	No	NA
NZ_CABGYS010000012.1_46	iacLike	No	NA
NZ_JACHXM010000001.1_428	iacLike	No	NA
NZ_BMIJ01000001.1_821	iacLike	No	NA
NZ_JAHREP010000026.1_48	iacLike	No	NA
NZ_FTMN01000004.1_230	iacLike	No	NA
NZ_PYGI01000015.1_84	iacLike	No	NA
NZ_FNZE01000005.1_196	iacLike	No	NA
NZ_CP031010.1_968	iacLike	No	NA
NZ_MJIC01000015.1_179	iacLike	No	NA
NZ_BMJR01000002.1_621	iacLike	No	NA
NZ_JAHKPT010000035.1_579	iacLike	No	NA
NZ_BAEO01000021.1_55	iacLike	No	NA
NZ_PJAR01000026.1_19	iacLike	No	NA
NZ_CAJGYT010000001.1_91	iacLike	No	NA
NZ_FOGB01000001.1_137	iacLike	No	NA
NZ_JABBGA010000025.1_19	iacLike	No	NA
NZ_JAAZQM010000007.1_70	iacLike	No	NA
NZ_LGRA01000008.1_607	iacLike	No	NA
NZ_FXAK01000009.1_528	iacLike	No	NA
NZ_AXWS01000013.1_307	iacLike	No	NA
NZ_RDQO01000001.1_20	iacLike	No	NA
NZ_SGWR01000005.1_252	iacLike	No	NA
NZ_CP031395.1_420	iacLike	No	NA
NZ_MPJC01000005.1_398	iacLike	No	NA
NZ_JYKO02000001.1_1211	iacLike	No	NA
NZ_CAJFCI010000016.1_145	iacLike	No	NA
NZ_LHVC01000005.1_230	iacLike	No	NA
NZ_BCZX01000011.1_210	iacLike	No	NA
NZ_CP025261.1_2976	iacLike	No	NA
NZ_POGH01000038.1_38	iacLike	No	NA
NZ_CP027712.1_2612	iacLike	No	NA
NZ_VFIN01000001.1_211	iacLike	No	NA
NZ_VWPC01000010.1_129	iacLike	No	NA
NZ_JADCLH010000006.1_161	iacLike	No	NA
NZ_JACNDE010000020.1_38	iacLike	No	NA
NZ_FMCZ01000001.1_414	iacLike	No	NA
NZ_UYXS01000007.1_210	iacLike	No	NA
NZ_CABVHU010000009.1_217	iacLike	No	NA
NZ_MNPU01000003.1_134	iacLike	No	NA
NZ_VFEW01000003.1_134	iacLike	No	NA
NZ_JAAQYP010000002.1_121	iacLike	No	NA
NZ_JAAQYO010000003.1_68	iacLike	No	NA
NZ_FNKR01000003.1_5458	iacLike	No	NA
NZ_UYXZ01000003.1_69	iacLike	No	NA
NZ_JAAQYN010000003.1_145	iacLike	No	NA
NZ_JADUCO010000022.1_54	iacLike	No	NA
NZ_JAAQWO010000009.1_171	iacLike	No	NA
NZ_JAAQWP010000004.1_514	iacLike	No	NA
NZ_CM001514.1_2220	iacLike	No	NA
NZ_VUOL01000003.1_436	iacLike	No	NA
NZ_QODJ01000006.1_65	iacLike	No	NA
NZ_BMNU01000004.1_436	iacLike	No	NA
NZ_JADODS010000019.1_65	iacLike	No	NA
NZ_JAHIDY010000019.1_73	iacLike	No	NA
NZ_LT629800.1_827	iacLike	No	NA
NZ_CVTS01000052.1_197	iacLike	No	NA
NZ_LIHG01000041.1_44	iacLike	No	NA
NZ_LIGN01000044.1_24	iacLike	No	NA
NZ_SMOK01000011.1_336	iacLike	No	NA
NZ_QJRG01000048.1_209	iacLike	No	NA
NZ_JADUCM010000026.1_45	iacLike	No	NA
NZ_CP046621.1_2603	iacLike	No	NA
NZ_JACVVG010000001.1_25	iacLike	No	NA
NZ_CP039371.1_2425	iacLike	Yes	Pseudomonas
NZ_VWXK01000001.1_403	iacLike	No	NA
NZ_NEHY01000008.1_183	iacLike	No	NA
NZ_NEIQ01000008.1_183	iacLike	No	NA
NZ_JACNBM010000008.1_118	iacLike	No	NA
NZ_JACNBN010000029.1_74	iacLike	No	NA
NZ_CP027706.1_4101	iacLike	No	NA
NZ_JACKZK010000004.1_184	iacLike	No	NA
NZ_JAAOCB010000007.1_37	iacLike	No	NA
NZ_MOBE01000018.1_62	iacLike	No	NA
NZ_JABWQV010000001.1_34	iacLike	No	NA
NZ_FODL01000003.1_231	iacLike	No	NA
NZ_QFBM01000007.1_108	iacLike	No	NA
NZ_MSDE01000008.1_46	iacLike	No	NA
NZ_QFZX01000006.1_139	iacLike	No	NA
NZ_CVTM01000043.1_25	iacLike	No	NA
NZ_CVTL01000047.1_139	iacLike	No	NA
NZ_JABUHT010000080.1_79	iacLike	No	NA
NZ_LKEI01000058.1_159	iacLike	No	NA
NZ_LT629702.1_354	iacLike	No	NA
NZ_SGFD01000004.1_81	iacLike	No	NA
NZ_CVTK01000040.1_174	iacLike	No	NA
NZ_JH605201.1_172	iacLike	No	NA
NZ_LT629777.1_4645	iacLike	No	NA
NZ_LT629972.1_3563	iacLike	No	NA
NZ_AYUD01000001.1_665	iacLike	No	NA
NZ_CP027741.1_4034	iacLike	No	NA
NZ_CP027743.1_3950	iacLike	No	NA
NZ_CP027718.1_3920	iacLike	No	NA
NZ_CP027716.1_2944	iacLike	No	NA
NZ_CP027742.1_4035	iacLike	No	NA
NZ_CP027721.1_3965	iacLike	No	NA
NZ_CP027720.1_4115	iacLike	No	NA
NZ_CP027749.1_4140	iacLike	No	NA
NZ_CP027752.1_4026	iacLike	No	NA
NZ_VCCM02000002.1_223	iacLike	No	NA
NZ_VZPK01000015.1_122	iacLike	No	NA
NZ_CP045221.1_2364	iacLike	No	NA
NZ_CP019399.1_4057	iacLike	No	NA
NZ_JAEEFW010000002.1_365	iacLike	No	NA
NZ_LT629738.1_1379	iacLike	No	NA
NZ_UGUQ01000003.1_1284	iacLike	No	NA
NZ_LT629709.1_622	iacLike	No	NA
NZ_JADDIX010000033.1_77	iacLike	No	NA
NZ_JAAMRF010000007.1_60	iacLike	No	NA
NZ_CP026881.1_5419	iacLike	No	NA
NZ_SPVI01000003.1_67	iacLike	No	NA
NZ_JAAUVM010000002.1_219	iacLike	No	NA
NZ_JACYNL010000001.1_443	iacLike	No	NA
NZ_JADUCL010000001.1_73	iacLike	No	NA
NZ_JACYNB010000002.1_325	iacLike	No	NA
NZ_SMFU01000010.1_82	iacLike	No	NA
NZ_FNVQ01000005.1_231	iacLike	No	NA
NC_015276.1_3628	iacLike	No	NA
NZ_SNXC01000016.1_36	iacLike	No	NA
NZ_CP016181.1_3594	iacLike	No	NA
NZ_RJVQ01000006.1_101	iacLike	No	NA
NZ_JADPMR010000001.1_86	iacLike	No	NA
NZ_LN898219.1_358	iacLike	No	NA
NZ_CABKVG010000008.1_358	iacLike	No	NA
NZ_CP065820.1_1683	iacLike	No	NA
NZ_CP073243.1_3081	iacLike	No	NA
NZ_ALOW01000039.1_249	iacLike	No	NA
NZ_KB851200.1_1019	iacLike	No	NA
NZ_CP061578.1_2110	iacLike	No	NA
NZ_CP061613.1_1839	iacLike	No	NA
NZ_CP061640.1_2110	iacLike	No	NA
NZ_CP061660.1_2105	iacLike	No	NA
NZ_CP061550.1_1582	iacLike	No	NA
NZ_CAJHHG010000001.1_968	iacLike	No	NA
NZ_JAFJYW010000001.1_797	iacLike	No	NA
NZ_CP075323.1_1552	iacLike	No	NA
NZ_LBCP01000011.1_60	iacLike	No	NA
NZ_NGIO01000023.1_56	iacLike	No	NA
NZ_MDHP01000021.1_46	iacLike	No	NA
NZ_LWSO01000007.1_174	iacLike	No	NA
NZ_NGCU01000019.1_171	iacLike	No	NA
NZ_NGDI01000030.1_131	iacLike	No	NA
NZ_NGGI01000075.1_62	iacLike	No	NA
NZ_JACDPA010000008.1_30	iacLike	No	NA
NZ_JABJXC010000034.1_415	iacLike	No	NA
NZ_JAHKRY010000006.1_55	iacLike	No	NA
NZ_JEXB01000005.1_262	iacLike	No	NA
NZ_KL810966.1_2711	iacLike	Yes	Acinetobacter
NZ_JFWF01000020.1_30	iacLike	No	NA
NZ_JHPH01000013.1_54	iacLike	No	NA
NZ_MABX01000028.1_88	iacLike	No	NA
NZ_LYHG01000065.1_169	iacLike	No	NA
NZ_SGSF01000057.1_28	iacLike	No	NA
NZ_VARP01000015.1_28	iacLike	No	NA
NZ_JADIWM010000001.1_100	iacLike	No	NA
NZ_UFIW01000009.1_124	iacLike	No	NA
NZ_JFVJ01000015.1_59	iacLike	No	NA
NZ_JMPF01000001.1_49	iacLike	No	NA
NZ_JAGJTB010000005.1_128	iacLike	No	NA
NZ_JAGSNJ010000001.1_955	iacLike	No	NA
NZ_JFDW01000009.1_76	iacLike	No	NA
NZ_LYGC01000035.1_592	iacLike	No	NA
NZ_JAGJSZ010000001.1_91	iacLike	No	NA
NZ_BKYN01000004.1_344	iacLike	No	NA
NZ_JAGJSX010000010.1_92	iacLike	No	NA
NZ_QEKO01000002.1_725	iadMarR50	No	NA
NZ_RBWX01000007.1_886	iadMarR50	No	NA
NZ_AP018711.1_2004	iadMarR50	No	NA
NC_004463.1_3404	iadMarR50	Yes	Bradyrhizobium
NZ_CP011360.1_2768	iadMarR50	No	NA
NZ_AXAX01000003.1_148	iadMarR50	No	NA
NZ_CP013127.1_5962	iadMarR50	No	NA
NC_004463.1_3403	iadMarR73	Yes	Bradyrhizobium
NZ_CP011360.1_2767	iadMarR73	No	NA
NZ_AXAX01000003.1_149	iadMarR73	No	NA
NZ_CP013127.1_5963	iadMarR73	No	NA
